,x,y,aspect,awc,clay,Dis_habitat_suitable_1,Dis_habitat_suitable_2,Dis_habitat_suitable_3,distance_bridleway,distance_cycleway,distance_footway,distance_motorwayandlink,distance_path,distance_pedestrian,distance_primaryandlink,distance_residentil,distance_secondaryandlink,distance_steps,distance_tertiaryandlink,distance_trunkandlink,distance_unclassified,elev,fpc.corrected,group,habit0pc,habit1,habit1pc,habit2,habit2pc,habit3,habit3pc,hpop,lot_density,nitro,rain,roadk,s1_residential_dist,s1_secondry_dist,s1_unclassified_dist,s2_residential_dist,s2_secondry_dist,s2_unclassified_dist,s3_residential_dist,s3_secondry_dist,s3_unclassified_dist,sbd,temp,tpo,twi,presence_1,Presence_2,presence_0
5297,463330,6935598,166.3655646,14.25763528,14.712201,4242.640625,1000,1414.213623,29529.64612,14866.06875,7211.102551,11704.69991,15556.34919,15811.3883,11000,6708.203932,5000,7211.102551,1000,7211.102551,2236.067977,58.36853293,120.0404792,6,91,294.2077436,2,444.4698402,0,1.612977505,18,9.716084265,12,0.106459891,19,0,0,0,0,0,0,0,0,0,0,1.115959502,19,0.021439493,10.26312074,0,0,0
5199,465330,6936598,169.1312601,14.13167711,18.82342156,2236.067871,1414.213623,2236.067871,27730.84925,12806.24847,7071.067812,9486.832981,13453.62405,13601.47051,9000,5000,5000,7810.249676,0,5000,1000,38.14342355,137,4,94,483.8977931,10,1422.257963,0,1103.540545,0,2.3179997,7,0.108345814,19,6.723621307,0,0,0,1414.213562,1414.213562,1414.213562,0,0,0,1.100216183,19,0.025094033,9.577700127,0,0,1
5497,463330,6933598,88.8194007,14.23749198,22.17120184,5656.854492,2236.067871,1414.213623,31304.95168,16401.21947,8944.27191,12529.96409,17029.38637,17029.38637,11045.36102,8485.281374,6324.55532,8944.27191,3000,8485.281374,1000,60.98565352,129.8169899,13,100,294.2077436,0,444.4698402,1,1.612977505,15,6.224635286,3,0.115510451,19,0,1000,1000,1000,0,0,0,0,0,0,1.096561973,19,0.033018941,9.534059365,1,0,0
5201,467330,6936598,156.3999096,14.2466569,19.06533465,2236.067871,3162.277588,1414.213623,26925.82404,11661.90379,5830.951895,7615.773106,12206.55562,12041.59458,7000,3605.551275,4472.135955,9433.981132,0,3605.551275,1000,53.69053359,125.5086245,4,100,156.2153972,0,2670.779918,0,1044.527756,0,2.454685651,6,0.116638649,19,2.173039368,1000,1000,1000,2000,2000,2000,0,0,0,1.108532688,19,0.034053421,8.760678059,1,1,1
5403,469330,6934598,292.1877307,14.37744261,17.92221709,5000,3000,3000,28160.25568,12649.11064,7071.067812,7071.067812,13000,12206.55562,5000,5000,6000,12206.55562,2828.427125,5000,1000,33.18411184,119.7395872,3,100,1209.282074,0,1645.196146,0,1105.028126,0,4.857894233,7,0.11668495,19,2.013206329,1000,1000,1000,2000,2000,2000,1000,1000,1000,1.109435731,19,0.031387556,7.795833708,0,1,0
5197,463330,6936598,122.4180702,14.40481155,19.8650303,3605.55127,1414.213623,1000,28653.09756,14142.13562,6403.124237,11401.75425,14866.06875,15264.33752,11000,5830.951895,4472.135955,6403.124237,0,6708.203932,3000,58.69748441,119.1802098,11,100,1440.1699,1,529.3485007,0,297.102095,0,7.665629873,10,0.119577159,19,3.035035278,0,0,0,1000,1000,1000,0,0,0,1.11954662,19,0.026625044,9.985648899,0,1,1
5396,462330,6934598,256.0502767,14.47840323,18.48801451,4242.640625,1000,1414.213623,30886.89042,16278.8206,7615.773106,13000,16970.56275,17204.65053,12000,7280.109889,5000,7615.773106,2000,8602.325267,1000,61.43319025,125.8977699,13,93,294.2077436,4,293.7484415,19,1.612977505,8,9.023967169,15,0.122334366,19,0,0,0,0,0,0,0,0,0,0,1.108437639,19,0.027428827,8.412687986,0,1,1
5198,464330,6936598,139.475885,14.27351429,18.75209299,2828.427246,1000,2000,28178.00561,13453.62405,7071.067812,10440.30651,14142.13562,14422.2051,10000,5830.951895,5000,7071.067812,0,5830.951895,2000,69.7123075,113,2,100,483.8977931,1,1422.257963,0,1103.540545,0,4.968001668,7,0.12279363,19,3.035035278,0,0,0,1000,1000,1000,0,0,0,1.086458448,19,0.030307892,9.714146193,0,1,0
617,500330,6992598,140.8779354,13.59742415,13.5011601,1414.213623,0,11000,26683.32813,2000,1414.213562,2000,3605.551275,19646.8827,2236.067977,0,1000,3000,1000,17029.38637,1000,24.52225493,153.251799,1,92,19.14575132,0,97.28109854,9,6951.987048,0,339.485042,358,0.122990961,20,4.108855856,1000,1000,1000,1000,0,0,6656.854249,6656.854249,6656.854249,1.04303712,20,0.021856171,8.425528505,0,1,1
1509,442330,6979598,64.79993037,15.19635298,16.54524763,3162.277588,4123.105469,1414.213623,29068.88371,37643.06045,28017.85145,29000,33136.08305,7071.067812,7000,2828.427125,4000,41629.31659,17464.2492,47434.1649,5385.164807,190.8404948,140.07396,4,90,918.5053033,9,1806.072588,0,63.98098358,1,32.32619966,56,0.123028228,18.00226889,0,0,0,0,1000,1000,1000,0,0,0,1.049599837,18.00226889,0.032175136,7.532877595,1,0,0
849,510330,6989598,244.631472,13.5122919,29.80714203,4242.640625,3162.277588,20124.61133,29068.88371,1000,0,9486.832981,2000,21931.7122,1000,0,1000,2236.067977,0,16643.31698,1000,3.685070368,141.7417807,1,100,2672.424886,0,2555.214426,0,13764.22116,0,1070.761822,1020,0.127065524,20,16.54771587,5414.213562,3414.213562,3414.213562,3414.213562,3000,3000,14828.42712,14828.42712,14828.42712,1.02713553,20,0.038116906,9.643322646,0,0,1
4802,468330,6940598,46.06358055,14.48012018,19.50818213,2828.427246,4123.105469,3000,22847.31932,7810.249676,2236.067977,6082.76253,8485.281374,8944.27191,5656.854249,1000,1000,9055.385138,1000,1000,1000,56.78506238,123.3725469,1,100,1881.165523,0,242.7392424,0,2655.502086,0,130.1067377,24,0.127317251,19,0,1000,1000,1000,1000,1414.213562,1000,2828.427125,2828.427125,2828.427125,1.082970486,19,0.040616532,8.477958087,0,0,1
5097,463330,6937598,274.5563194,14.51996307,22.89489691,3162.277588,1000,1414.213623,27784.88798,13453.62405,5656.854249,11180.33989,14212.6704,14764.82306,11000,5000,4000,5656.854249,1000,6324.55532,3000,71.81607828,115.2092479,1,100,1440.1699,0,529.3485007,15,297.102095,0,3.910830547,8,0.128022837,19,0,1000,1000,1000,0,0,0,0,0,0,1.103748111,19,0.030278878,7.88275275,0,1,1
5298,464330,6935598,288.3257591,13.94455156,18.47024448,3605.55127,0,1000,29068.88371,14212.6704,7810.249676,10770.32961,14866.06875,15000,10000,6403.124237,5830.951895,7810.249676,1000,6403.124237,2236.067977,59.68807565,119.9860059,21,96,1453.546145,0,815.88999,4,196.1166173,7,5.269658694,6,0.130646476,19,0,0,0,0,0,0,0,0,0,0,1.082707104,19,0.0377871,9.179101751,1,0,0
5498,464330,6933598,77.68241116,14.51259846,19.29076402,5385.165039,2000,1000,30870.69808,15811.3883,9433.981132,11661.90379,16401.21947,16278.8206,10049.87562,7810.249676,7071.067812,9433.981132,3000,7810.249676,2000,51.92869709,134.4194962,1,100,1453.546145,0,815.88999,0,196.1166173,16,2.503063545,4,0.132100588,19,0,1414.213562,1414.213562,1414.213562,1000,1000,1000,0,0,0,1.088421752,19,0.033506236,9.716115965,0,0,0
4898,464330,6939598,240.5701733,14.89507096,20.64833561,2236.067871,0,3605.55127,25553.86468,11313.7085,4472.135955,10000,12206.55562,13000,9433.981132,4123.105626,2000,5385.164807,2000,5000,1000,70.99863962,134.5420453,1,100,736.7129306,0,1142.085871,0,2383.589388,0,4.840081637,17,0.132628722,19,0,1414.213562,1414.213562,1414.213562,0,0,0,2414.213562,2414.213562,2414.213562,1.099453586,19,0.032164583,8.422155736,1,1,1
2228,452330,6969598,186.5289079,14.18770664,22.19066839,4123.105469,3605.55127,4123.105469,20615.52813,26019.22366,14317.82106,20615.52813,24041.63056,19235.38406,14764.82306,10000,0,28861.73938,10000,33615.47263,5099.019514,74.1074083,131.1821825,3,100,1816.539593,0,1325.645054,0,2805.567964,0,30.27723207,25,0.132909626,20,1.491230865,2000,2414.213562,2000,1000,1000,1000,3000,3000,3000,1.104966003,20,0.031896218,8.592910931,1,0,0
3320,492330,6956598,123.0752834,13.85133007,19.34224836,3162.277588,9486.833008,3162.277588,2828.427125,0,0,2828.427125,2828.427125,1000,0,0,0,2828.427125,0,7211.102551,1414.213562,25.11883835,144.0805426,3,100,1702.427158,0,1284.940933,0,477.9603115,0,920.5227312,311,0.135020198,20,11.65551303,3414.213562,2000,2000,5828.427125,2414.213562,1414.213562,4000,2414.213562,1414.213562,1.065599384,20,0.05388293,9.669610484,1,1,1
4803,469330,6940598,102.7935536,13.8999569,21.14402524,3605.55127,5099.019531,3000,22472.20505,7211.102551,1414.213562,5099.019514,7810.249676,8062.257748,5000,0,0,10049.87562,0,0,0,54.77926515,126.9448203,3,100,906.9264468,0,242.7392424,9,2655.502086,0,160.8745092,189,0.135320499,19,0.664004276,1000,1000,1000,1000,1000,1000,2414.213562,2414.213562,2414.213562,1.088982967,19,0.043696656,8.667903246,1,1,1
1359,497330,6982598,212.0766004,13.66672588,15.46246984,2000,7280.109863,5385.165039,16643.31698,1000,1000,4000,1000,9219.544457,1000,0,2236.067977,1000,0,8062.257748,1000,23.73430445,145.151088,5,100,1678.05843,0,2566.725513,0,2626.508914,0,1082.731986,607,0.135484439,20,15.96347612,2414.213562,1414.213562,2000,2414.213562,1414.213562,2414.213562,5000,3000,3000,1.049601118,20,0.043769009,8.926188406,1,0,1
5398,464330,6934598,99.03154023,14.1593726,19.14444265,4472.135742,1000,0,29966.64813,15000,8602.325267,11180.33989,15620.49935,15620.49935,10000,7071.067812,6403.124237,8602.325267,2000,7071.067812,2236.067977,61.07973353,121.6566502,2,100,1453.546145,0,815.88999,29,196.1166173,6,2.503063545,7,0.135562641,19,0,1000,1000,1000,0,0,0,0,0,0,1.093667686,19,0.042306177,11.35622357,0,1,0
3860,489330,6950598,89.71930598,13.57474436,19.49557003,3605.55127,7810.249512,1414.213623,9219.544457,1000,0,3605.551275,4242.640687,5830.951895,1000,0,1000,6000,1000,12000,1000,14.89950235,141.7988103,1,85,138.4659244,1,1658.836827,0,21.80679627,0,491.1124534,458,0.135722047,20,8.285673796,1414.213562,0,0,3414.213562,2414.213562,2414.213562,4828.427125,1000,1000,1.051844206,20,0.054033887,7.408291593,1,1,1
5293,459330,6935598,203.5686461,14.90345917,23.17985857,2000,3000,2828.427246,31622.7766,17691.80601,6000,14560.21978,18601.07524,19235.38406,15000,6000,2000,6000,2236.067977,10770.32961,3605.551275,58.44565962,115,2,100,2281.554582,0,1072.620823,0,738.755312,0,2.557155428,8,0.136273246,19,0,1000,1000,1000,1000,1000,1000,1414.213562,1414.213562,1414.213562,1.109285347,19,0.034260014,8.959777224,1,0,0
3411,491330,6955598,147.216299,13.72387787,19.11563739,2000,10770.33008,4472.135742,4000,1000,1000,3162.27766,4242.640687,1000,1000,0,0,3162.27766,1000,8602.325267,1000,46.45519423,152.9855086,1,100,2347.237784,0,1525.182783,0,3081.380432,0,537.0261587,110,0.136769189,20,4.736321068,2000,1414.213562,1414.213562,6414.213562,3000,2000,5414.213562,3000,2828.427125,1.054975846,20,0.042170169,9.405777917,1,0,0
5496,462330,6933598,194.3772408,14.85482814,20.40713691,5000,2000,1000,31764.76035,17029.38637,8544.003745,13416.40786,17691.80601,17804.49381,12041.59458,8246.211251,5385.164807,8544.003745,3000,9219.544457,0,81.16430648,125.8072874,7,99,294.2077436,0,293.7484415,6,1.612977505,3,9.023967169,11,0.137158396,19,1.426167908,1000,1000,1000,0,0,1000,0,0,1000,1.074177027,19,0.035190704,9.254789704,0,1,0
5495,461330,6933598,66.40313368,14.65152935,20.8103265,4472.135742,2236.067871,0,32249.03099,17691.80601,8246.211251,14317.82106,18384.77631,18601.07524,13038.40481,8062.257748,4472.135955,8246.211251,3000,10000,1000,85.23348475,122.5191537,1,68,1597.593297,0,293.7484415,29,1.612977505,3,10.20151133,10,0.137292252,19,0,1414.213562,1414.213562,1414.213562,0,0,0,0,0,0,1.080488752,19,0.039049011,9.500912239,0,1,1
5196,462330,6936598,86.48741218,13.91912465,18.64505138,3162.277588,1000,0,29154.75947,14866.06875,5830.951895,12369.31688,15620.49935,16124.5155,12000,5385.164807,3605.551275,5830.951895,0,7615.773106,3000,77.67806579,121.4307403,2,95,1440.1699,2,699.8155399,0,297.102095,7,23.24464908,11,0.138913237,19,2.955822815,0,0,0,1000,1000,1000,0,0,0,1.107874271,19,0.028729328,8.754284545,0,1,1
1137,494330,6985598,101.0295313,13.56619814,13.0133208,1414.213623,6403.124023,5000,18027.75638,3162.27766,2828.427125,6082.76253,3605.551275,12041.59458,2828.427125,0,4000,3605.551275,1414.213562,12206.55562,2236.067977,24.83427629,146.1947333,1,100,0,6,2045.944491,0,1612.110871,0,17.76444742,84,0.13899538,20,4.53423407,1000,0,0,1000,1000,1000,2828.427125,1000,1000,1.025143421,20,0.037315611,6.576378753,0,0,1
4334,491330,6945598,296.4602296,13.70418419,15.06403337,4123.105469,4000,1414.213623,13341.66406,0,0,0,4472.135955,10049.87562,5385.164807,0,0,5099.019514,0,7000,0,10.8961924,130.7688747,1,100,266.7584302,0,1721.673174,0,1967.526273,0,425.1319475,703,0.140500462,19.94471818,14.90640476,2828.427125,1414.213562,1414.213562,1414.213562,2414.213562,2414.213562,4414.213562,1414.213562,1414.213562,1.09191352,19.94471818,0.037235166,9.06592426,0,0,1
2463,462330,6966598,68.88711065,13.59514464,19.95008798,1000,3605.55127,2000,13601.47051,16124.5155,4242.640687,16000,16401.21947,25238.85893,5000,4242.640687,1414.213562,25179.35662,6403.124237,26925.82404,3605.551275,74.36883318,135.6291573,1,100,1217.889306,0,307.2404077,0,580.1438834,0,31.81390026,33,0.140980322,19.39814475,0,1000,1000,1000,0,0,0,0,0,0,1.103975056,19.39814475,0.044550248,8.83450793,0,0,1
5394,460330,6934598,295.9521094,15.12331484,22.43686951,3162.277588,2236.067871,1414.213623,31906.11227,17691.80601,7071.067812,14866.06875,18439.08891,18867.96226,14000,7000,3162.27766,7071.067812,2236.067977,10295.63014,2236.067977,76.77047602,117.9972806,1,100,1597.593297,0,1072.620823,0,738.755312,0,7.463283062,11,0.141551184,19,0,2000,2000,2000,0,0,0,0,0,0,1.114242327,19,0.034863693,8.569803525,1,1,0
1864,455330,6974598,151.9656887,14.3272517,21.91643414,5099.019531,4242.640625,4123.105469,16278.8206,23769.72865,14866.06875,24515.30134,20099.75124,16970.56275,15620.49935,13341.66406,3605.551275,33241.54028,13341.66406,36769.55262,6324.55532,75.03781192,124,4,100,3511.370209,0,3276.472613,0,3856.824835,0,0,2,0.141750625,19.57849332,0,4000,4000,4000,3000,3000,3000,3000,3000,3000,1.130155168,19.57849332,0.049568481,8.674533032,1,0,1
5696,462330,6931598,67.46901313,14.89062408,18.28305762,6708.204102,4000,2236.067871,33541.01966,18601.07524,10440.30651,14422.2051,19209.37271,19104.97317,12083.04597,10198.03903,6403.124237,10440.30651,5000,10630.14581,0,74.99932076,119.6476507,1,99,942.08665,0,543.1178328,2,240.6032262,1,2.673212901,10,0.142180651,19,2.697337341,0,0,3000,0,0,1000,0,0,1414.213562,1.100748338,19,0.038513761,8.182956378,1,1,1
4528,490330,6943598,135.8692282,13.17854338,20.13397311,2000,4123.105469,0,15524.1747,2000,0,2000,5000,12165.52506,5656.854249,0,1000,4472.135955,0,5000,0,34.49561113,148.1846937,1,77,126.121257,6,197.2602307,1,81.47205187,26,661.648812,249,0.142365624,19,5.101483849,2000,0,1000,2414.213562,0,1000,2414.213562,0,1000,1.045409575,19,0.047315678,8.348629898,0,0,0
845,506330,6989598,111.9111292,13.54447453,19.20090941,3162.277588,1414.213623,16643.31641,27513.63298,0,0,5830.951895,1414.213562,19416.48784,1414.213562,0,0,2236.067977,0,14866.06875,1000,4.385094259,126.0167258,2,95,262.8909265,0,972.8711762,5,9515.601308,0,699.2577854,473,0.14392521,20,1.497052571,1414.213562,1000,1000,1000,1000,0,10828.42712,10828.42712,10828.42712,0.963475169,20,0.045811522,9.644798857,0,0,0
3255,521330,6957598,203.5024463,13.31092484,22.4982246,3162.277588,3162.277588,13416.4082,24515.30134,1000,1000,9000,3162.27766,16401.21947,1000,0,2000,5830.951895,0,11180.33989,2828.427125,29.48837238,125.4870166,1,100,659.5697687,1,521.821351,5,3308.034347,0,1801.174343,977,0.144541301,20,8.919670953,2414.213562,0,0,2414.213562,0,0,4828.427125,4414.213562,4414.213562,1.032132405,20,0.030826461,8.094846055,0,1,1
4332,489330,6945598,137.4287745,13.62191988,18.85121933,3162.277588,5830.95166,1414.213623,13928.38828,2000,1414.213562,0,6324.55532,10440.30651,3605.551275,0,0,6708.203932,0,7000,0,40.63969063,136.491242,1,100,1684.542297,0,1818.664904,0,269.7785749,0,527.0943313,834,0.144973206,19.94471818,8.136551106,2414.213562,1000,1000,3414.213562,1000,1000,2414.213562,1000,1000,1.080089217,19.94471818,0.044962189,8.539731923,1,0,1
2227,451330,6969598,191.5116414,14.32334154,23.72860315,4472.135742,3162.277588,4000,21540.65923,27018.51217,15231.54621,20615.52813,25000,18788.29423,15652.47584,10440.30651,1000,29120.43956,10630.14581,34132.09633,6082.76253,74.74499649,133.313668,3,100,1816.539593,0,1325.645054,1,2805.567964,0,79.088126,79,0.146309254,20,0,1000,2000,1000,0,0,0,2828.427125,2828.427125,2828.427125,1.1187119,20,0.033814007,8.338173594,0,1,0
5596,462330,6932598,93.3305375,14.59332464,20.98238539,5830.95166,3000,1414.213623,32649.65543,17804.49381,9486.832981,13892.44399,18439.08891,18439.08891,12165.52506,9219.544457,5830.951895,9486.832981,4000,9899.494937,0,83.74783259,117.8040256,3,81,942.08665,0,293.7484415,13,240.6032262,23,9.14676572,6,0.147714805,19,2.437424316,1000,1000,2000,0,0,1000,0,0,1000,1.092095483,19,0.040031593,9.607107717,0,1,1
909,494330,6988598,41.21789762,13.66997166,17.88498736,1000,5099.019531,6403.124023,20880.61302,4123.105626,2828.427125,5099.019514,3605.551275,15033.29638,5000,0,4000,2828.427125,0,14764.82306,0,40.0776437,138.303637,1,100,158.3700912,5,335.1854227,0,2195.528564,0,76.05123479,44,0.148656363,20,4.255913795,1000,0,1000,1000,1000,1414.213562,2414.213562,2414.213562,2414.213562,1.01440939,20,0.033839456,7.969599591,0,0,1
1215,497330,6984598,114.8572703,13.71868241,16.48849168,2000,5385.165039,6403.124023,18357.55975,0,0,3605.551275,1000,11180.33989,1000,0,1000,1000,0,9848.857802,1000,23.91933621,130.7286554,4,100,40.43089137,2,1273.496257,0,2626.508914,0,1415.243937,929,0.149581579,20,18.72456453,2000,0,0,2000,1000,1000,3414.213562,3000,3000,1.0117909,20,0.045301389,9.066768591,1,0,1
1425,494330,6981598,82.64665468,13.9701562,20.71782008,1000,7615.772949,2236.067871,14317.82106,1000,0,7000,3605.551275,8062.257748,2828.427125,0,0,3605.551275,0,9219.544457,2828.427125,25.62172014,133.9725082,2,97,120.3575376,3,2443.419071,0,1646.007455,0,976.9162056,244,0.150456923,20,9.114241432,2000,1000,0,4414.213562,4414.213562,2414.213562,2414.213562,1000,1000,1.019780113,20,0.039928369,7.495831988,0,0,1
4429,490330,6944598,125.7999181,13.28431749,21.21525003,3000,4472.135742,0,14560.21978,1414.213562,1000,1000,5099.019514,11180.33989,5000,0,1000,5385.164807,0,6000,1000,27.15988926,142.4240332,1,100,126.121257,3,197.2602307,0,81.47205187,15,763.0804058,331,0.150899971,19.94471818,5.471058323,3000,0,0,2000,1000,1000,3414.213562,0,0,1.07282529,19.94471818,0.052818152,8.648276737,1,0,1
924,509330,6988598,86.42130142,13.5960419,19.27233501,2828.427246,2828.427246,18788.29492,27730.84925,1000,1414.213562,8246.211251,1414.213562,20518.28453,1000,0,0,1000,0,15264.33752,0,2.153415486,124.2421605,1,100,2672.424886,0,2882.324866,0,13764.22116,0,1142.618221,920,0.151250812,20,14.56183356,4000,2000,2000,2828.427125,2000,2000,13414.21356,13414.21356,13414.21356,1.008837291,20,0.040972969,9.259966213,1,0,0
1218,500330,6984598,80.72675029,14.02973043,15.88118439,5000,5099.019531,8944.271484,20000,1000,0,1414.213562,3162.27766,12083.04597,1000,0,0,1000,0,9055.385138,1414.213562,21.85610755,128.257052,2,100,988.0580225,0,962.6065495,0,6071.273648,0,2072.945662,822,0.151351352,20,20.31916764,1414.213562,1414.213562,1000,1414.213562,1414.213562,1000,5242.640687,5242.640687,5242.640687,1.015536871,20,0.042297581,8.362768008,1,0,1
3768,489330,6951598,121.7361516,13.58341444,22.43132776,2828.427246,8485.28125,2236.067871,8246.211251,1000,1000,4000,3605.551275,5000,0,0,1414.213562,5830.951895,1414.213562,12000,1000,15.60868947,145.8589683,1,97,138.4659244,1,3261.499135,0,749.737868,0,155.4233554,89,0.151578828,20,16.70753613,2414.213562,0,0,3828.427125,3414.213562,3414.213562,5828.427125,1000,1000,1.065038295,20,0.059130587,8.656490094,1,0,0
4903,469330,6939598,112.8096974,14.37335509,21.20299433,3162.277588,5000,2000,23409.39982,8062.257748,2236.067977,5000,8602.325267,8602.325267,5000,0,1000,10198.03903,1000,0,1000,41.15016362,116.2061046,1,100,906.9264468,3,242.7392424,0,2655.502086,0,160.8745092,49,0.151732112,19,0.664004276,1000,0,0,2000,2000,2000,1414.213562,1414.213562,1414.213562,1.082370614,19,0.050764447,9.352683943,1,1,0
3455,445330,6954598,332.9628534,14.92817145,21.30681708,9486.833008,11313.70898,4123.105469,32015.62119,27892.65136,18439.08891,4472.135955,30083.21791,32062.43908,16278.8206,6082.76253,4000,19104.97317,3000,27784.88798,12041.59458,123.4375913,139.3169578,1,98,4744.169137,0,3420.065418,0,268.5921939,3,219.1720782,133,0.151936708,19,0,5000,5000,5000,2828.427125,2828.427125,2828.427125,0,0,0,1.117965382,19,0.066171211,9.003161684,0,1,0
1146,503330,6985598,245.3728234,13.69121769,14.61057331,4123.105469,3605.55127,12083.0459,22671.5681,2236.067977,1414.213562,2000,4472.135955,14422.2051,1414.213562,0,2828.427125,2236.067977,1000,10198.03903,1414.213562,17.39758826,159.1182568,1,99,241.6718419,0,167.4373252,1,7128.998753,0,1094.896413,689,0.151987244,20,4.774949456,1414.213562,0,0,3000,0,0,7828.427125,7828.427125,7828.427125,1.030122416,20,0.031621806,7.918390788,1,0,1
3953,488330,6949598,134.1203196,13.22902998,20.92639819,5000,8062.257813,0,10440.30651,2236.067977,0,3000,4472.135955,7211.102551,1000,0,2236.067977,7071.067812,1000,11000,1000,50.43618952,145.7387255,1,100,138.4659244,0,1109.797461,0,21.80679627,19,943.3692258,514,0.152191356,19.97310579,9.218099896,1414.213562,1000,1000,4000,1000,1000,3414.213562,0,0,1.035645115,19.97310579,0.048541224,7.588670843,1,1,0
4823,489330,6940598,138.8387353,13.94817515,20.60028329,1414.213623,4000,2236.067871,18681.54169,1414.213562,1414.213562,2236.067977,6708.203932,13601.47051,7615.773106,0,0,3162.27766,0,2000,1000,59.80424979,133.5252984,1,100,500.0811434,0,1181.868433,0,1135.41174,0,406.4323896,640,0.15284084,18.97266084,3.07366836,1000,1000,1000,1000,1000,1000,1000,1000,1000,1.068312989,18.97266084,0.037966946,8.500763809,1,0,0
1142,499330,6985598,135.8197652,13.80127119,19.42859726,4123.105469,4000,8602.325195,20248.45673,0,0,1414.213562,2828.427125,12649.11064,0,0,0,2236.067977,0,10198.03903,0,23.86954809,152.1389615,3,100,988.0580225,1,333.9409245,0,2849.87507,0,1983.124562,1056,0.152934227,20,18.748552,2000,1000,1000,2000,1414.213562,1000,3828.427125,3828.427125,3828.427125,1.035250216,20,0.036651981,8.237552478,0,0,1
1136,493330,6985598,151.7651729,13.87912404,14.06018833,2236.067871,6000,4242.640625,17720.04515,4123.105626,3162.27766,7071.067812,4472.135955,12165.52506,3605.551275,1000,4000,4472.135955,2236.067977,12806.24847,2828.427125,41.45309307,140.2448207,1,99,878.1784419,5,1030.935956,1,2699.960886,0,24.81603442,88,0.153121348,20,0,0,0,0,0,0,0,2828.427125,1414.213562,1414.213562,0.968406348,20,0.037368897,6.799308402,1,0,0
5630,496330,6932598,87.00230383,13.89504774,15.51538929,5000,3605.55127,4123.105469,26019.22366,6708.203932,6708.203932,7810.249676,6708.203932,22803.5085,9219.544457,0,2236.067977,8062.257748,1000,7810.249676,2236.067977,80.26011288,136.3486127,1,100,1347.418165,0,621.4297004,7,599.5869218,5,106.1622418,75,0.153205338,19,7.322856873,2828.427125,1000,1000,2828.427125,0,0,3828.427125,0,0,1.020531802,19,0.032244794,7.847341168,1,0,0
4899,465330,6939598,98.74733661,14.44119441,22.00285902,1414.213623,1000,3605.55127,25059.92817,10630.14581,5000,9000,11401.75425,12083.04597,8602.325267,4000,2000,6324.55532,2236.067977,4000,1414.213562,49.86062351,119.7267513,3,100,736.7129306,0,1142.085871,0,2383.589388,0,2.49688345,15,0.153452587,19,5.700845215,1000,1000,1000,1000,1000,1000,1414.213562,1414.213562,1414.213562,1.094750549,19,0.046210126,7.849055057,1,0,0
5600,466330,6932598,88.90358087,14.22172061,28.42227924,6000,1000,2828.427246,31016.12484,15652.47584,9848.857802,10630.14581,16124.5155,15620.49935,8246.211251,7615.773106,8544.003745,11401.75425,4000,7615.773106,1414.213562,49.14781148,120.5479831,3,100,908.6939439,0,244.7167739,19,777.6312748,2,8.955335087,15,0.153980919,19,0,2000,2000,2000,0,0,0,0,0,0,1.084088439,19,0.054586592,7.997509589,1,0,1
1427,496330,6981598,140.5241239,14.17686619,20.75293609,1414.213623,8544.003906,4123.105469,15264.33752,1414.213562,0,5000,2236.067977,8062.257748,2000,0,1000,2236.067977,0,7810.249676,2000,14.9681296,128.9044549,1,100,1678.05843,0,2566.725513,0,3035.259876,0,1227.191553,862,0.154703419,20,7.665552144,3828.427125,1000,1000,3828.427125,2828.427125,3828.427125,4414.213562,2414.213562,2414.213562,1.022550517,20,0.051474136,10.83357767,0,1,1
6601,467330,6922598,201.2342609,14.99974107,21.54296652,6082.762695,5000,8062.257813,40261.64428,24738.63375,18788.29423,18384.77631,25000,23769.72865,6324.55532,13601.47051,16278.8206,20615.52813,14000,17000,7211.102551,51.6262829,118,1,100,543.3434036,5,3389.551368,0,1457.492523,0,117.0208262,22,0.154738742,19,0,0,0,0,3414.213562,3414.213562,3414.213562,1000,1000,1000,1.079732606,19,0.047326359,8.035155566,0,0,0
4881,447330,6939598,187.0539197,15.61441669,22.35013356,5385.165039,5385.165039,2236.067871,37013.51105,26248.8095,12165.52506,11704.69991,27892.65136,29427.87794,21633.30765,6708.203932,9219.544457,12165.52506,9000,22000,11661.90379,90.36524342,130.6249623,1,100,721.6700419,0,1925.528644,0,657.4575086,0,54.41899889,99,0.154911775,18.00591605,0,1414.213562,1414.213562,1414.213562,3000,3000,3000,1414.213562,1414.213562,1414.213562,1.114502857,18.00591605,0.044746447,8.295957824,0,1,0
5110,476330,6937598,75.74557912,13.61785671,18.39834569,5000,5000,1000,24020.8243,9486.832981,2000,2000,9219.544457,7000,2000,1000,3000,16124.5155,0,0,2236.067977,85.48260887,137.5963582,1,83,760.7706887,2,1320.216049,0,132.6763643,22,13.37143649,16,0.154986081,19,6.44883011,0,0,0,1000,1000,1000,0,0,0,1.105722481,19,0.057193959,10.10147304,0,0,0
4900,466330,6939598,184.8833636,14.72470675,21.94374973,1000,2000,2828.427246,24596.74775,9899.494937,4472.135955,8000,10630.14581,11180.33989,7810.249676,3000,2000,7280.109889,2828.427125,3000,2236.067977,39.40771124,128.2657328,1,100,1881.165523,0,1639.028704,0,1814.263937,0,2.502918453,17,0.155343732,19,3.633123535,1000,1000,1000,2000,2000,2000,1000,1000,1000,1.085617237,19,0.052287087,8.961011676,1,0,0
2126,498330,6971598,136.6676426,13.66686527,21.00401271,3162.277588,4472.135742,1000,8062.257748,0,0,5000,1000,3605.551275,0,0,0,0,1000,3162.27766,0,49.77280469,138.755696,1,96,343.7349829,0,1362.167226,0,8.274852324,4,1593.290794,716,0.155579586,19.97531477,16.59488125,2000,1000,1000,6828.427125,2000,2000,2000,1000,1000,1.050963402,19.97531477,0.039550879,8.83755429,1,0,0
1429,498330,6981598,142.2366774,14.01616375,24.64726969,1414.213623,7071.067871,6082.762695,16401.21947,0,0,3000,2236.067977,8544.003745,0,0,2000,2000,0,6708.203932,0,16.57752088,120,2,100,1678.05843,0,2190.596464,0,5004.409449,0,1768.921692,678,0.15595634,20,15.90994655,2000,1000,1414.213562,2414.213562,2000,2414.213562,6414.213562,4414.213562,4414.213562,0.981209644,20,0.054628176,10.33844607,1,1,0
5013,479330,6938598,142.4358992,14.24331408,16.32750386,5830.95166,6000,1414.213623,23086.79276,10000,3162.27766,2236.067977,9433.981132,6708.203932,4472.135955,0,2236.067977,13038.40481,0,1414.213562,0,61.47274688,124.5911037,1,96,1446.325164,0,3175.189614,0,299.8188616,4,202.7003551,484,0.156442301,18.94820065,7.335222106,1414.213562,1414.213562,1414.213562,3000,3000,3000,1000,0,1000,1.065136194,18.94820065,0.058442511,8.886094961,0,0,1
548,499330,6993598,85.38242008,13.59241491,15.46261432,2828.427246,1000,10049.87598,25495.09757,3000,2000,1000,3605.551275,20396.07805,1000,1000,1000,4123.105626,1000,18110.77028,1000,15.533333,139.5038059,1,41,343.9552148,13,4.026567143,46,8087.262267,0,232.3834696,34,0.156454328,20,0,0,0,0,0,0,0,7242.640687,7242.640687,7242.640687,1.029401544,20,0.027288464,9.842417552,1,1,0
1357,495330,6982598,66.50106433,13.49086093,19.49006607,2000,8062.257813,3605.55127,15652.47584,2000,0,6000,2236.067977,9000,1414.213562,0,1414.213562,2236.067977,0,9219.544457,2236.067977,18.26738153,148.921397,2,100,120.3575376,0,2443.419071,0,619.6237174,0,802.8954024,518,0.156928512,20,5.815730724,3000,0,0,3828.427125,3414.213562,3828.427125,3000,1000,1000,1.045134593,20,0.044897174,9.428668132,1,1,1
5295,461330,6935598,73.71911778,14.31759834,23.74987712,2828.427246,1000,1414.213623,30528.67504,16278.8206,6324.55532,13601.47051,17029.38637,17492.85568,13000,6082.76253,3605.551275,6324.55532,1000,8944.27191,2236.067977,80.36612892,119.1672871,3,97,1597.593297,0,293.7484415,28,1.612977505,1,8.114928444,7,0.156968527,19,0,1000,1000,1000,0,0,0,0,0,0,1.107718433,19,0.046028552,8.656794917,1,0,0
1492,493330,6980598,274.748607,13.69688249,22.11287997,1000,7211.102539,1000,13000,0,1000,8000,4472.135955,7280.109889,4000,0,1000,4123.105626,0,9433.981132,2000,46.11141481,130.3853093,1,100,8.52109645,12,735.5176842,0,620.6427908,0,1156.499455,468,0.157128085,20,12.39340402,1414.213562,0,0,5000,4242.640687,1000,2000,1000,1000,0.991225996,20,0.03953631,7.508301949,0,1,0
4901,467330,6939598,246.3982843,14.70423267,23.33309893,1414.213623,3000,2236.067871,24166.09195,9219.544457,3605.551275,7000,9899.494937,10295.63014,7000,2000,2000,8246.211251,2236.067977,2000,2236.067977,41.76749521,110,1,100,1881.165523,0,1639.028704,0,1814.263937,0,23.81158786,11,0.157237945,19,0,1000,1000,1000,2414.213562,2828.427125,2414.213562,1414.213562,1414.213562,1414.213562,1.103070494,19,0.045435056,10.751524,1,1,0
1141,498330,6985598,61.0481578,13.8827739,18.91238167,3162.277588,4123.105469,7810.249512,19723.08292,0,1000,2236.067977,2236.067977,12369.31688,0,0,0,2000,0,10440.30651,1000,34.9496473,132.0286635,1,100,40.43089137,2,333.9409245,4,2849.87507,0,1423.70945,904,0.157607462,20,15.57798656,1414.213562,1000,0,1414.213562,1000,0,2828.427125,2828.427125,2828.427125,1.029938497,20,0.036134294,8.077783125,1,1,0
1065,498330,6986598,84.43738161,13.97815809,17.82834023,3000,3162.277588,8485.28125,20591.26028,1000,1414.213562,2000,3162.27766,13341.66406,1000,0,1000,3000,0,11401.75425,1000,35.5525218,140.4755863,2,100,40.43089137,0,882.9499742,1,2849.87507,0,1423.70945,978,0.158285807,20,5.708504027,1000,1000,1000,1000,0,0,2414.213562,2414.213562,2414.213562,1.032166015,20,0.036684347,9.20764861,1,1,1
4529,491330,6943598,101.0721813,13.46379593,17.49679425,2236.067871,3162.277588,1000,15297.05854,2000,1000,2000,4000,12041.59458,6403.124237,0,0,4123.105626,0,5000,0,38.14947599,144.7895652,1,100,126.121257,1,197.2602307,5,81.47205187,0,687.9488699,370,0.158493096,19,9.379706209,2414.213562,1000,1414.213562,1414.213562,1000,1414.213562,2828.427125,1000,1414.213562,1.072789413,19,0.042275435,9.222778811,0,1,1
1217,499330,6984598,176.9563705,13.30699404,18.11099313,4000,5000,8062.257813,19416.48784,1000,1000,2236.067977,2236.067977,11704.69991,1000,0,0,1414.213562,0,9219.544457,1000,26.48944141,112.522564,1,100,988.0580225,0,333.9409245,7,4493.740096,0,2145.685424,499,0.15869483,20,10.32249188,1000,1000,1000,1000,1000,0,4242.640687,4242.640687,4242.640687,0.997490688,20,0.049960549,7.245060365,1,1,0
4126,473330,6947598,252.8712074,14.04292162,17.29405935,5830.95166,12041.59473,7071.067871,14560.21978,1000,0,1414.213562,1414.213562,3605.551275,1000,0,1414.213562,15231.54621,1000,7280.109889,1000,58.88191773,147.6661298,1,100,840.9953623,0,4151.622888,0,518.3862868,26,590.5530707,499,0.158823252,19,5.499443356,1414.213562,1000,1000,4828.427125,4242.640687,4242.640687,1414.213562,0,0,1.095714597,19,0.053414816,8.845918555,1,1,0
4333,490330,6945598,90.33779705,13.22021875,19.13177184,4000,5000,1000,13601.47051,1000,1000,0,5385.164807,10198.03903,4472.135955,0,0,6082.76253,0,7000,0,15.09833081,130.0899709,1,100,266.7584302,0,1721.673174,0,1967.526273,0,399.5328502,492,0.160057095,19.94471818,9.078774231,3414.213562,1000,1000,2414.213562,1414.213562,1414.213562,3414.213562,1000,1000,1.076282915,19.94471818,0.055481032,8.800712751,0,1,1
5406,472330,6934598,61.12336827,13.68026568,20.71191778,4472.135742,0,3162.277588,27459.06044,12041.59458,5830.951895,5385.164807,12165.52506,10770.32961,2000,3605.551275,6324.55532,14764.82306,4472.135955,4242.640687,0,49.93827782,118.470497,4,100,2363.371099,0,396.3383648,0,1104.91222,4,16.7573068,15,0.160094484,19,1.347842102,1414.213562,1414.213562,1414.213562,0,0,1414.213562,0,0,2414.213562,1.096308441,19,0.056882189,10.33157987,1,1,1
1213,495330,6984598,78.86855147,13.42528185,15.74204355,0,6403.124023,5000,17464.2492,2000,1414.213562,5385.164807,2236.067977,11000,1414.213562,0,3000,2236.067977,0,10816.65383,2236.067977,18.42933067,148.7417482,1,82,0,27,2045.944491,0,619.6237174,0,103.3575696,57,0.160694662,20,6.497724358,1000,0,0,2414.213562,2414.213562,2414.213562,3414.213562,1000,1000,1.049239047,20,0.045094913,8.042216993,1,0,1
3548,448330,6953598,114.9590605,14.80284531,27.46329749,8246.210938,13038.40527,2236.067871,29410.88234,24738.63375,15556.34919,5830.951895,26925.82404,29120.43956,19104.97317,3000,5830.951895,16278.8206,6082.76253,24698.17807,11313.7085,82.68440914,115.1766923,1,100,2748.212725,0,479.5665322,0,116.6464292,3,223.4422017,171,0.160722716,19,0,2414.213562,2414.213562,2414.213562,1000,1000,1000,0,0,0,1.090702069,19,0.06952233,7.99146365,0,1,1
1212,494330,6984598,178.3263502,14.28676241,15.57278968,1000,7000,4242.640625,17088.00749,3000,2000,6324.55532,3162.27766,11045.36102,2236.067977,0,3000,3162.27766,1000,11401.75425,3162.27766,22.12056006,152.0991818,5,91,0,8,2045.944491,0,619.6237174,1,103.3575696,75,0.16109611,20,6.867395241,1414.213562,0,0,1414.213562,1414.213562,1414.213562,2828.427125,0,0,1.039858477,20,0.040674327,9.06536711,1,0,1
7208,474330,6916598,250.0135304,15.40126443,19.80627225,8000,2000,7280.109863,45099.88914,26627.05391,23021.72887,23000,30000,28071.3377,1000,13038.40481,15620.49935,29154.75947,9433.981132,20880.61302,12206.55562,93.76187345,121,1,100,399.8280869,0,1879.646291,0,310.6481,0,7.347042481,11,0.161165882,18.02875105,0,1000,1000,1000,2414.213562,2414.213562,2414.213562,1000,1000,1000,1.034734462,18.02875105,0.051732565,7.284362344,0,1,0
4265,517330,6946598,140.3426308,13.60623274,22.01488499,1000,1000,2236.067871,25059.92817,3000,4000,5385.164807,2236.067977,17000,4472.135955,2000,3000,6082.76253,0,8485.281374,2000,68.3754156,139.585997,1,84,42.77689106,9,581.7947431,0,173.1653478,7,24.98254084,25,0.16174729,19.60340147,2.257023548,0,0,0,0,0,0,0,0,0,1.016698133,19.60340147,0.032546885,8.976131354,1,0,0
1289,497330,6983598,169.8721521,13.65128048,18.2117402,2236.067871,6324.555176,5830.95166,17492.85568,0,1000,4123.105626,0,10198.03903,0,0,1414.213562,0,0,8944.27191,0,28.64133608,140.4247212,8,100,40.43089137,0,1273.496257,0,2626.508914,0,1793.58575,789,0.161784449,20,18.72456453,2000,1000,1000,2000,1000,2000,4414.213562,3000,3000,0.981114853,20,0.059003763,9.220873292,1,0,0
1424,493330,6981598,52.42487228,13.71239307,19.98398017,0,6708.204102,1414.213623,13928.38828,1000,1000,8000,4472.135955,8246.211251,3605.551275,0,0,4472.135955,0,10000,2236.067977,34.22711958,144.5160073,2,67,8.52109645,35,735.5176842,0,620.6427908,0,465.0306505,114,0.162080053,20,7.376787016,1000,1000,0,4000,4000,1414.213562,1414.213562,1000,1000,1.004325071,20,0.040626785,7.658251081,0,0,1
3763,484330,6951598,77.37642688,13.62976212,20.51036443,4123.105469,10295.62988,3000,10049.87562,6000,1000,3605.551275,2236.067977,8944.27191,2828.427125,0,2236.067977,10440.30651,0,13000,2236.067977,29.5600597,137.4347194,1,100,702.5057809,0,3764.18683,0,584.7420223,12,340.9250857,30,0.1623947,20,3.090472214,4242.640687,1000,1000,6242.640687,4828.427125,4828.427125,5000,0,0,1.075186007,20,0.070109691,8.887144334,1,1,0
1428,497330,6981598,164.8538256,13.94725243,22.91780119,1000,8062.257813,5099.019531,15811.3883,1000,0,4000,2000,8246.211251,1000,0,1414.213562,2000,0,7211.102551,1000,19.14784303,135.6603558,3,100,1678.05843,0,2566.725513,0,3035.259876,0,1509.71937,815,0.162730837,20,11.58261605,2828.427125,1000,1000,2828.427125,2414.213562,2828.427125,5414.213562,3414.213562,3414.213562,1.032564359,20,0.040651882,9.916385524,0,0,0
2837,454330,6961598,292.9692492,14.36066725,22.61823812,4000,10198.03906,5830.95166,22022.71555,22803.5085,11180.33989,12529.96409,25000,27202.94102,11045.36102,4000,1000,20615.52813,4000,25806.9758,2000,78.11495977,117.0076289,1,100,994.0491112,0,839.3661034,0,1928.253945,0,26.12164507,62,0.163433635,19.57931253,0,1000,1000,1000,1000,1000,1000,3414.213562,3414.213562,3414.213562,1.139006924,19.57931253,0.050230177,10.15263792,1,1,1
1365,503330,6982598,131.8540274,13.13457203,17.03175168,2236.067871,2000,11180.33984,19924.85885,2000,1414.213562,1000,3162.27766,12041.59458,2236.067977,1000,1000,2000,1000,7280.109889,1000,0.119565945,148.0379597,1,100,1024.901514,0,784.8936192,2,7930.613979,0,131.901391,53,0.164250082,20,3.711614014,1414.213562,1414.213562,1414.213562,0,0,0,9071.067812,9000,9000,0.905367436,20,0.046682396,8.180055566,1,1,1
4030,472330,6948598,184.962068,13.98654184,19.15775576,5656.854492,12041.59473,7071.067871,13928.38828,1000,1000,2000,2828.427125,5000,0,0,0,14764.82306,0,8062.257748,1000,35.50227185,152.7924182,1,89,818.2051981,3,2236.004792,0,0,23,104.0418038,269,0.164336583,19,2.788650839,1000,1000,0,3414.213562,2828.427125,2828.427125,1000,1000,0,1.09769138,19,0.047720578,8.927096171,1,0,0
990,499330,6987598,263.8186988,13.72803287,19.58432054,4123.105469,2000,9899.495117,21954.4984,1000,2000,1414.213562,3605.551275,14560.21978,2000,0,0,3605.551275,1000,12165.52506,1000,39.22892089,124.7055888,1,100,265.11904,2,882.9499742,0,2849.87507,0,1199.030052,503,0.164784535,20,1.805570686,1414.213562,1000,0,1414.213562,1000,1000,3000,3000,3000,1.017445498,20,0.035177263,7.828333508,0,0,0
1426,495330,6981598,45.4116667,13.67459787,23.54353393,2000,8544.003906,3162.277588,14764.82306,1000,0,6000,2828.427125,8000,2236.067977,0,1000,2828.427125,0,8485.281374,2236.067977,16.69693822,136.2538125,2,100,120.3575376,1,2443.419071,0,1646.007455,0,976.9162056,622,0.165336499,20,12.30403064,3000,0,0,4828.427125,3828.427125,3414.213562,3414.213562,1414.213562,1414.213562,1.030515265,20,0.048382964,11.14835824,1,1,1
3861,490330,6950598,160.7201666,13.82709297,27.41886774,3000,7071.067871,2236.067871,8944.27191,0,1000,2828.427125,5000,5385.164807,1414.213562,0,0,5000,0,11045.36102,1000,16.94277397,137.1193764,2,88,565.3295406,4,1037.811851,0,1563.435181,0,1003.95522,368,0.165401252,20,9.600956897,1000,1000,0,2414.213562,2414.213562,2414.213562,5242.640687,1414.213562,1414.213562,1.054802574,20,0.108348978,8.526369414,0,0,0
1766,494330,6976598,230.9435936,13.75346159,23.89360114,2236.067871,8485.28125,1000,10000,2236.067977,0,7000,1000,3162.27766,0,0,3605.551275,0,1000,7071.067812,2236.067977,51.99175729,144.3494423,1,100,832.8407597,2,2333.274898,0,1121.475813,1,757.7294436,330,0.165689642,20,9.112092024,5000,0,0,8485.281374,2414.213562,4414.213562,5000,0,0,1.037041163,20,0.045865721,7.268673148,0,0,1
1290,498330,6983598,84.15617973,13.77052513,19.13471842,3162.277588,6082.762695,6708.204102,18027.75638,0,0,3162.27766,1000,10440.30651,0,0,1000,0,1000,8544.003745,0,8.583886191,140.4908823,3,87,40.43089137,5,333.9409245,8,4493.740096,0,1149.978773,159,0.16607291,20,7.885719601,1000,0,1000,1000,0,1000,4828.427125,4000,4000,1.044684489,20,0.06811337,9.415218529,1,1,1
1219,501330,6984598,225.932481,13.6762666,16.93372025,5000,4472.135742,9848.857422,20615.52813,1000,0,1000,4123.105626,12529.96409,1000,0,1000,0,0,9000,2000,17.47594812,148.0387853,3,100,293.2971768,0,962.6065495,0,6071.273648,0,1221.824355,590,0.166276032,20,13.85077229,2414.213562,1000,1000,2414.213562,1000,1000,6242.640687,6242.640687,6242.640687,1.073717274,20,0.031540103,8.187400213,0,1,0
1510,443330,6979598,51.29690057,15.03258844,17.87285248,3162.277588,4472.135742,1000,28071.3377,36687.87266,27202.94102,29000,32140.31736,7000,7000,3162.27766,4000,41231.05626,17262.6765,46872.16658,5099.019514,194.1184135,140.5029742,1,96,959.0778726,4,1806.072588,0,63.98098358,0,43.1795979,27,0.166379565,18.00226889,0,0,0,0,2000,2000,2000,1000,1000,1000,1.059841903,18.00226889,0.045722559,8.61389115,1,1,0
1144,501330,6985598,25.17865833,13.48415859,19.56745543,5385.165039,4472.135742,10295.62988,21400.93456,2000,1000,0,4472.135955,13416.40786,0,0,1414.213562,1000,0,10000,1000,18.00665735,128.6484933,2,96,293.2971768,8,962.6065495,7,4978.789898,0,1179.311114,426,0.167091174,20,12.1187928,2828.427125,0,0,2828.427125,0,0,5828.427125,5828.427125,5828.427125,1.03319436,20,0.046107829,10.03808673,1,0,0
194,492330,6998598,318.5375056,14.04017368,21.19594848,2000,3605.55127,6708.204102,18000,1000,3000,5000,4472.135955,25179.35662,2828.427125,0,3162.27766,2000,1000,24698.17807,2000,25.08169845,136.3557636,1,100,461.3173239,0,699.0955131,8,6219.696737,0,287.9100083,68,0.168218074,20,6.016659034,2828.427125,1000,1000,3828.427125,0,0,6828.427125,6828.427125,6828.427125,1.023371257,20,0.037422694,8.84888077,0,1,0
54,495330,7000598,72.96585802,13.51672166,21.96662786,3000,2236.067871,10000,21095.02311,0,0,2000,6082.76253,27000,0,0,0,0,0,25709.92026,0,13.95172522,129.4140177,1,100,677.0685611,0,1703.653356,0,9723.31733,0,1026.743171,463,0.16843563,20,12.87070783,2414.213562,1000,1000,3000,2000,1414.213562,10071.06781,10071.06781,10071.06781,1.051029944,20,0.028091094,8.770494461,1,1,1
4526,488330,6943598,284.967275,13.72522423,20.30221258,2000,5830.95166,2000,16155.49442,0,0,2236.067977,7000,12041.59458,4472.135955,0,0,5656.854249,0,5000,2000,59.66468313,138.9595969,1,100,1093.594535,0,1695.348116,0,207.0542895,0,1391.739688,815,0.168488832,19,7.927592252,1414.213562,1000,1000,2414.213562,1000,1000,2414.213562,1000,0,1.06107675,19,0.049695888,8.29087321,0,1,1
6199,465330,6926598,26.42368656,14.6114247,23.399143,8000,2236.067871,6708.204102,37000,21540.65923,15811.3883,15811.3883,21931.7122,21095.02311,8000,13601.47051,12041.59458,16155.49442,10000,13601.47051,2828.427125,55.44084044,123,2,100,2447.059116,0,96.22630704,0,2046.111155,0,8.280569295,12,0.16908396,19,0,1000,1000,1000,1000,1000,1000,2414.213562,2414.213562,2414.213562,1.092808998,19,0.058040267,9.989156439,0,1,1
1145,502330,6985598,183.2389579,13.92278565,17.66850434,5099.019531,4242.640625,11180.33984,22022.71555,2000,1000,1000,5385.164807,13892.44399,1000,0,2236.067977,1414.213562,0,10049.87562,1000,10.33311352,159.0690312,2,85,293.2971768,14,167.4373252,2,4978.789898,0,1454.187162,555,0.169111629,20,4.774949456,2414.213562,0,0,3000,0,0,6828.427125,6828.427125,6828.427125,1.030962409,20,0.034945051,9.174425396,0,0,1
1360,498330,6982598,34.65219981,13.48937187,21.46932386,2236.067871,7000,6324.555176,17204.65053,1000,1000,3000,1414.213562,9486.832981,0,0,2000,1000,0,7615.773106,0,9.787960169,123.9087505,6,100,1678.05843,0,2190.596464,0,4493.740096,0,1035.119803,218,0.169335048,20,17.49653501,1414.213562,1000,1414.213562,1414.213562,1000,1414.213562,5828.427125,4000,4000,1.017957016,20,0.053490454,8.989402397,1,0,0
1288,496330,6983598,146.2372202,13.01759104,18.95306687,1414.213623,6708.204102,5000,17000,1000,0,5000,1000,10049.87562,0,0,2236.067977,1000,0,9433.981132,1000,14.14521122,124.3509959,4,100,40.43089137,0,1273.496257,0,2626.508914,0,1352.887381,699,0.169831278,20,15.90283843,2414.213562,1000,1000,3000,2000,2414.213562,4000,2000,2000,1.039425283,20,0.049397601,7.143540682,1,1,1
3858,487330,6950598,99.66791017,13.43421372,18.38895121,5000,9433.981445,1414.213623,9848.857802,3000,0,4000,3162.27766,7071.067812,0,0,3000,8000,0,12000,1000,48.16178715,144.3015305,1,100,1215.213771,0,1109.797461,0,21.80679627,0,671.3114228,642,0.17001982,20,9.733253924,2000,1000,1000,5414.213562,2414.213562,2414.213562,4000,1000,1000,1.027536092,20,0.05080428,8.859273331,1,0,1
7998,464330,6908598,203.1395988,14.72562424,24.7313402,3000,5830.95166,8602.325195,54571.0546,39051.24838,32893.76841,32572.99495,32015.62119,37947.33192,7000,1000,2828.427125,33376.63854,4123.105626,31016.12484,6082.76253,93.97823806,134,4,100,2009.135943,0,4278.123713,0,4283.593462,0,63.74664764,51,0.170030213,18,0,2000,2000,2000,5000,5000,5000,5000,5000,5000,1.065037297,18,0.07064761,8.95642193,0,1,1
764,502330,6990598,62.84061518,13.42164492,15.82827767,1000,2000,13152.94629,26076.80962,1414.213562,1000,3162.27766,5000,18384.77631,1000,0,1000,2236.067977,1000,15033.29638,2000,10.5723326,151.4716561,1,95,525.0308505,5,608.0447983,0,5392.633285,0,1757.742254,698,0.17072845,20,7.205834621,2000,0,0,2000,1000,1000,7242.640687,7242.640687,7242.640687,1.031969211,20,0.02373817,10.09057012,1,0,0
922,507330,6988598,236.432094,13.51896996,13.18237964,2000,2000,17000,26925.82404,1000,0,6324.55532,0,19209.37271,0,0,1000,1000,0,14317.82106,1000,7.109558384,120.2424635,1,97,705.7804099,1,1080.331725,2,11632.55645,0,1181.069945,1072,0.170836032,20,10.93610692,2000,0,0,2000,0,0,11414.21356,11414.21356,11414.21356,1.008439186,20,0.050155912,9.443143016,1,1,1
4500,462330,6943598,225.9661986,13.64970888,23.90618736,1000,4123.105469,7000,23430.74903,10770.32961,0,6082.76253,12369.31688,14035.66885,10049.87562,0,1000,3605.551275,1000,7615.773106,0,61.43018749,130,1,100,786.4085482,0,484.6458667,0,1063.896376,0,35.02510867,117,0.171683238,19,4.109198723,1000,0,1000,1414.213562,2000,2000,1414.213562,1414.213562,3828.427125,1.080473884,19,0.061678117,7.920214988,0,1,0
844,505330,6989598,155.2933463,13.37858018,18.32798114,2236.067871,2236.067871,15811.38867,27018.51217,0,0,5000,2236.067977,18867.96226,1000,0,1000,3162.27766,0,14560.21978,0,10.6111613,161.5695396,2,100,262.8909265,0,972.8711762,0,9515.601308,0,803.7360783,690,0.171769928,20,2.358079971,1000,1000,1000,1000,1000,1000,9828.427125,9828.427125,9828.427125,0.89254686,20,0.032092136,10.03594519,0,1,0
1214,496330,6984598,144.096838,13.62666852,18.34502829,1000,5830.95166,5656.854492,17888.54382,1000,1000,4472.135955,1414.213562,11045.36102,1000,0,2000,1414.213562,0,10295.63014,1414.213562,21.96176946,147.0981738,2,94,40.43089137,6,1273.496257,0,2626.508914,0,773.7361032,967,0.172261752,20,15.90283843,1414.213562,0,0,2000,1414.213562,1414.213562,3000,2000,2000,1.048214673,20,0.043202912,7.881797117,0,0,1
1287,495330,6983598,104.0411555,13.75973786,17.81052449,1000,7211.102539,4242.640625,16552.94536,2000,1000,5830.951895,2000,10000,1000,0,2236.067977,2000,0,10000,2000,27.27488134,129.9518428,1,98,0,2,2045.944491,0,619.6237174,0,157.1059842,175,0.172660538,20,6.497724358,2000,0,0,2828.427125,2828.427125,2828.427125,3414.213562,1000,1000,1.036348475,20,0.046254598,7.50056399,1,1,1
1067,500330,6986598,175.7079033,14.02042216,18.83490442,5000,3162.277588,10000,21633.30765,1414.213562,1414.213562,0,4242.640687,13928.38828,1000,0,1414.213562,2236.067977,0,11045.36102,1000,22.57346236,132.2583652,3,100,988.0580225,3,366.0865537,2,4978.789898,0,1948.164562,940,0.174105276,20,12.68557365,2828.427125,0,0,2828.427125,1000,1414.213562,4414.213562,4414.213562,4414.213562,1.008587076,20,0.037590065,8.764540226,0,0,1
3043,494330,6959598,194.5798338,13.48028799,19.727806,1000,6082.762695,1000,0,1000,1000,2828.427125,0,4472.135955,2828.427125,0,1000,2236.067977,0,4123.105626,0,81.75305666,158.0284985,1,28,0,27,2497.472027,0,58.93684552,46,422.0905108,295,0.17639585,19.49625279,7.442470232,1000,0,1000,2000,3000,2000,1000,0,1000,1.03930869,19.49625279,0.039512633,8.578369111,0,1,0
2930,467330,6960598,150.3175815,14.00426492,23.35000407,4000,4242.640625,7280.109863,9219.544457,13601.47051,1000,10770.32961,15264.33752,17492.85568,2236.067977,1000,3000,20615.52813,4242.640687,20099.75124,0,44.77690111,122,1,100,1002.224582,1,1504.27083,0,3744.427611,0,111.4395452,25,0.1768069,19.977623,0.999388718,1414.213562,1000,2414.213562,1000,1000,1000,4828.427125,4414.213562,4414.213562,1.09591665,19.977623,0.053212654,8.844148809,1,1,0
5597,463330,6932598,77.17609527,14.73285109,24.69823197,6403.124023,3162.277588,2236.067871,32202.48438,17204.65053,9848.857802,13038.40481,17804.49381,17691.80601,11180.33989,9219.544457,6708.203932,9848.857802,4000,9219.544457,1000,68.24657018,116,2,100,942.08665,0,444.4698402,0,240.6032262,3,5.705461684,7,0.178254345,19,0,1414.213562,1414.213562,2000,1000,1000,1000,0,0,0,1.094823066,19,0.057487783,8.855462609,0,1,1
843,504330,6989598,127.0816822,13.52977277,22.09514735,1414.213623,3162.277588,15000,26400.75756,1000,0,4242.640687,3162.27766,18357.55975,0,0,2000,3162.27766,0,14317.82106,1000,10.82709872,104.0188065,1,100,429.488212,0,251.8530666,0,7425.946434,0,1216.960853,646,0.178339769,20,3.579632953,1414.213562,0,0,1414.213562,1000,1000,8828.427125,8828.427125,8828.427125,1.006987572,20,0.036545617,9.478516746,1,0,0
4605,470330,6942598,70.04988584,14.6854255,29.79413666,5656.854492,6708.204102,5099.019531,20248.45673,5000,0,5000,5656.854249,6324.55532,2828.427125,0,1000,11045.36102,0,2000,0,45.37147703,120.8470325,1,100,1207.802405,0,2662.308963,0,3773.017237,0,42.51163349,335,0.178618871,19,7.239852457,1414.213562,1414.213562,2000,1414.213562,1414.213562,1414.213562,4000,4000,4000,1.099196638,19,0.063855881,8.188956813,1,1,0
1564,497330,6979598,108.8949396,13.86301658,22.00166767,1000,8544.003906,5000,14212.6704,1000,0,4000,3605.551275,6324.55532,1000,0,1000,1000,0,5656.854249,1000,22.24978891,132.6594161,1,99,1082.017324,1,1201.160333,0,3035.259876,0,1986.26868,903,0.17907512,20,6.746515967,3828.427125,0,0,4828.427125,2414.213562,3828.427125,6242.640687,3828.427125,3828.427125,1.01903678,20,0.046709756,8.111609144,0,1,0
5407,473330,6934598,172.6718963,13.88037669,26.48371835,3605.55127,1000,2236.067871,27294.68813,12000,5385.164807,5099.019514,12041.59458,10440.30651,1000,2828.427125,6324.55532,15652.47584,3605.551275,3605.551275,1000,32.07670191,139.1379475,1,100,1432.30876,0,396.3383648,0,1104.91222,0,16.54067506,18,0.179175552,19,0,1000,1000,1000,1000,1000,2414.213562,1000,1000,1414.213562,1.096825877,19,0.058357895,10.41949369,1,1,1
682,495330,6991598,272.2719847,13.70059339,18.72668353,4123.105469,4472.135742,6082.762695,22135.94362,1000,1000,3162.27766,2236.067977,18000,3605.551275,0,1414.213562,1000,0,17088.00749,3000,47.15751401,147.1601875,1,100,579.7299081,0,370.3326411,0,3679.284031,0,1339.757004,597,0.180173781,20,18.72003205,1414.213562,1000,1000,2414.213562,1000,1000,4000,4000,4000,1.026741034,20,0.043648644,7.877121629,1,1,0
1358,496330,6982598,182.3948345,13.86147586,20.56515612,2236.067871,7615.772949,4472.135742,16124.5155,1414.213562,1000,5000,1414.213562,9055.385138,1000,0,2000,1414.213562,1000,8602.325267,1414.213562,11.52274035,137.4881083,2,100,1678.05843,0,2566.725513,0,2626.508914,0,1132.796557,216,0.180950062,20,5.815730724,3414.213562,1000,1000,3414.213562,2414.213562,3414.213562,4000,2000,2000,1.065104161,20,0.05304981,10.63549167,0,1,1
6843,509330,6920598,162.4030895,13.60614735,18.04342395,3162.277588,5000,1000,40496.91346,15132.74595,10440.30651,17029.38637,12206.55562,22472.20505,4000,1000,5000,21931.7122,5656.854249,18973.66596,2236.067977,65.46321811,148.0844428,1,43,1179.012701,0,171.0664407,0,6.630884347,57,86.87906712,50,0.181800033,18.59584994,0,1000,1000,1000,1000,1000,1000,0,0,0,0.989622212,18.59584994,0.058385843,8.101696925,0,1,1
1698,495330,6977598,188.9323652,13.5321357,21.93265673,1000,9899.495117,2236.067871,11401.75425,1000,1000,6000,1000,4000,1000,0,2236.067977,1414.213562,0,6324.55532,1000,63.93852991,146.9811459,1,98,210.3910058,14,1487.087732,0,1121.475813,0,314.2146797,51,0.182517427,20,4.806569099,5242.640687,0,0,7656.854249,1000,3828.427125,5242.640687,1000,1000,1.00079141,20,0.037571404,9.356851269,1,0,0
3119,479330,6958598,163.142551,13.42469582,18.98265287,0,2000,1000,3605.551275,10000,4472.135955,10198.03903,6708.203932,13341.66406,4123.105626,2828.427125,6324.55532,12727.92206,1000,19104.97317,5000,83.31183966,150.3864881,1,0,26.72698502,22,62.91230641,15,99.23997241,71,8.698585457,13,0.182563999,19,0,0,0,0,0,0,0,0,0,0,0.980450555,19,0.043323156,6.92430779,1,1,1
1496,497330,6980598,114.0419766,14.0344542,21.82511527,0,8246.210938,5000,15000,1000,0,4000,3000,7280.109889,1000,0,1000,1414.213562,0,6403.124237,1000,21.80785217,141.8239427,1,100,1678.05843,0,2566.725513,0,3035.259876,0,1986.26868,866,0.183197852,20,13.87731048,3414.213562,0,0,3828.427125,3414.213562,3828.427125,5828.427125,3828.427125,3828.427125,1.007627108,20,0.050804716,7.896966343,0,0,1
1362,500330,6982598,160.8723602,13.72398955,23.14526341,3605.55127,5000,8246.210938,18439.08891,1000,0,1000,3162.27766,10295.63014,2000,0,1000,1000,1000,7071.067812,1000,2.718883239,126.5640161,1,100,418.8569586,0,1776.513661,0,6071.273648,0,985.5214184,236,0.183536187,20,8.502593073,1000,1000,1000,1414.213562,1414.213562,1000,6656.854249,6000,6000,0.995774665,20,0.071265086,11.47055284,1,0,0
681,494330,6991598,177.1088738,13.8571389,20.80714839,4000,5099.019531,5099.019531,21189.6201,1414.213562,1000,4123.105626,2000,18027.75638,4472.135955,0,1000,1414.213562,0,17464.2492,3000,48.20835318,129.7958268,1,96,579.7299081,5,370.3326411,6,3679.284031,0,1339.757004,310,0.184216731,20,4.534955874,1000,0,0,2828.427125,0,0,3000,3000,3000,1.036835947,20,0.050189986,9.43791502,1,0,0
7566,532330,6913598,91.85180797,13.41241947,23.89024702,5000,1000,2000,58258.04665,3162.27766,2236.067977,1414.213562,5099.019514,2236.067977,2000,0,0,4123.105626,0,38288.37944,1414.213562,3.959099698,124.6351949,1,98,840.8118413,3,97.75561974,2,445.2934888,0,875.3611952,311,0.184961473,19.0309207,6.099582617,1000,1000,0,1000,1000,0,1000,1000,0,0.917973022,19.0309207,0.062888391,7.451304612,0,0,0
4698,464330,6941598,116.2687055,14.21608672,28.46801805,2236.067871,2000,5385.165039,23853.72088,10000,2828.427125,8000,11180.33989,12369.31688,8544.003745,2236.067977,0,5000,0,5099.019514,0,35.55989402,142,1,100,736.7129306,0,1142.085871,0,2383.589388,0,12.58319351,24,0.185005403,19,5.092730629,1000,1414.213562,1000,1000,2000,1000,3000,3414.213562,3828.427125,1.100798984,19,0.070680766,9.366089151,0,1,0
758,496330,6990598,211.0588179,14.00531667,18.76809188,3605.55127,3162.277588,7280.109863,23409.39982,2236.067977,0,2828.427125,1000,17029.38637,3605.551275,0,2000,0,0,15811.3883,2000,39.94292766,133,1,100,536.7019066,0,177.8292384,2,1970.840115,0,332.2773397,135,0.185651257,20,10.10742984,1000,1000,1000,1000,0,0,3000,3000,3000,1.048912096,20,0.040333036,8.169767088,0,0,1
514,465330,6993598,169.2842093,13.90802386,27.99424422,5000,0,2828.427246,6403.124237,26019.22366,9848.857802,32062.43908,11661.90379,23086.79276,17117.24277,8062.257748,8944.27191,27166.15541,13038.40481,40249.22359,4123.105626,200.0245732,127.9318997,1,70,383.5031767,1,85.05715918,30,231.6828736,0,0.14044929,8,0.185767603,17.54633062,0,0,0,0,0,0,0,1000,1000,1000,0.921387573,17.54633062,0.051207438,5.759585022,0,0,1
2693,465330,6963598,91.03317374,13.89731932,26.09214246,2236.067871,1000,5099.019531,11045.36102,13928.38828,0,13152.94644,15811.3883,21095.02311,1000,0,4000,22803.5085,6082.76253,23345.23506,2236.067977,43.3035296,134.3600773,1,100,1859.336863,0,877.7272009,0,1462.336136,0,224.8297921,134,0.185960122,19.43727656,1.849238552,1000,1000,1000,1000,1000,1000,1000,1000,1000,1.090801296,19.43727656,0.059620779,10.35650803,0,0,0
1827,487330,6975598,230.3531273,12.83220268,20.42160601,2000,5099.019531,0,7071.067812,7810.249676,0,14000,8062.257748,8246.211251,1414.213562,0,4123.105626,7000,1414.213562,13892.44399,2000,90.11180526,143.086946,5,95,156.8677932,3,3778.968523,0,893.5533476,2,74.43068043,62,0.186170956,19.07938413,6.907362748,1414.213562,0,0,5414.213562,4000,4242.640687,1414.213562,0,0,0.982996825,19.07938413,0.039273701,7.22666298,1,1,1
1430,499330,6981598,195.032724,12.86353065,22.34106053,2236.067871,6082.762695,7071.067871,17029.38637,1000,1000,2000,2828.427125,8944.27191,1000,0,2236.067977,2236.067977,1000,6324.55532,0,5.451360485,137.2255918,3,91,418.8569586,9,2190.596464,0,5004.409449,0,1001.059211,156,0.18704356,20,4.467337066,1000,0,1000,2000,2000,2000,7242.640687,5414.213562,5414.213562,1.039859857,20,0.062657776,10.26647678,0,0,1
6107,473330,6927598,103.5321259,14.7095129,27.22431918,5830.95166,7071.067871,5385.165039,34234.48554,19000,12165.52506,12041.59458,19026.29759,17262.6765,1000,8544.003745,13152.94644,19798.98987,9486.832981,10198.03903,4123.105626,52.9070061,130.9991153,1,100,3624.789567,0,2011.662471,0,1720.443236,0,9.887910505,19,0.187158613,18.97956351,0,2828.427125,2828.427125,2828.427125,3000,3000,3000,1000,1000,1000,1.108450618,18.97956351,0.070515566,9.251480367,1,0,1
1363,501330,6982598,155.9180316,13.62353214,20.02918947,3605.55127,4000,9219.544922,19104.97317,0,0,0,4123.105626,10816.65383,3000,0,0,0,0,7000,0,3.344854868,132.9308402,1,100,425.9309292,0,1776.513661,0,6071.273648,0,1085.300956,840,0.187425294,20,13.19409058,1414.213562,1000,1000,1000,2000,1414.213562,7071.067812,7000,7000,1.018629471,20,0.058779169,8.123576099,0,0,0
4415,476330,6944598,235.290541,14.19824498,22.32333488,7615.772949,10770.33008,5000,17029.38637,3605.551275,1000,4000,2828.427125,0,0,0,0,16763.05461,0,5385.164807,1000,49.11704172,125.5619512,1,100,3414.684165,0,4678.030359,0,643.8148575,1,1136.454824,650,0.188534265,19.43404233,12.11454842,4828.427125,3828.427125,3828.427125,5828.427125,5828.427125,5828.427125,4828.427125,3828.427125,0,1.06982995,19.43404233,0.060535814,8.078763235,0,0,1
1361,499330,6982598,151.7257935,13.56619897,23.56023307,2828.427246,6000,7280.109863,17804.49381,1414.213562,1000,2000,2236.067977,9848.857802,1000,1000,1414.213562,1414.213562,1000,7280.109889,1000,2.954607226,119.736686,4,100,418.8569586,0,2190.596464,0,4493.740096,0,381.9605728,17,0.18873168,20,11.98213757,1000,1000,1000,1000,1000,1000,6242.640687,5000,5000,0.996218755,20,0.070631969,8.871732734,0,1,1
4215,467330,6946598,84.19534058,14.0834874,22.62722458,5000,7615.772949,9055.384766,18027.75638,5099.019514,5000,3000,7000,9055.385138,5099.019514,2828.427125,1000,9433.981132,3000,6324.55532,2236.067977,36.67753706,132,1,100,1508.227577,0,1558.436963,0,2238.480156,0,281.5085815,94,0.190646121,19,4.087323341,1000,1414.213562,1000,2000,2000,2000,3000,3000,3000,1.094964008,19,0.06334159,10.26946339,0,1,0
4414,475330,6944598,197.0818301,13.9238206,24.04070956,8062.257813,10440.30664,5385.165039,17117.24277,2828.427125,1000,4000,2236.067977,1000,0,0,0,16278.8206,0,5099.019514,0,15.76121876,112.0763044,2,100,3414.684165,0,4155.489014,0,643.8148575,8,1139.635554,559,0.190746985,19.43404233,11.04563476,3828.427125,2828.427125,2828.427125,5414.213562,5414.213562,5414.213562,3828.427125,2828.427125,1000,1.081046486,19.43404233,0.061123929,9.748270455,0,0,0
409,496330,6995598,74.08095062,13.99055769,21.16443101,6403.124023,1414.213623,7615.772949,22203.60331,0,0,1000,2236.067977,22022.71555,1414.213562,0,1000,1000,0,20615.52813,1000,16.79803655,132.1107717,1,100,1008.654572,0,291.2294114,0,6827.562751,0,968.2439631,729,0.194051217,20,15.22756999,3828.427125,1414.213562,1414.213562,3828.427125,1000,1000,6656.854249,6656.854249,6656.854249,1.038163945,20,0.031042216,7.947952557,1,1,1
4596,461330,6942598,221.8685835,14.41618715,28.40348145,2236.067871,3605.55127,6082.762695,24839.4847,12083.04597,1414.213562,7280.109889,13601.47051,15132.74595,11180.33989,1000,1000,2236.067977,0,8246.211251,0,43.65982939,126.2720352,1,100,338.7283327,2,484.6458667,0,1063.896376,2,55.02589671,63,0.195385964,19,3.201552593,0,0,2000,2000,3000,3414.213562,0,0,5242.640687,1.078197723,19,0.069827968,9.03850598,0,0,0
3952,487330,6949598,166.7608062,13.90955928,25.26597742,4472.135742,8944.271484,1000,10770.32961,3162.27766,1000,3000,4123.105626,7810.249676,0,0,2828.427125,8062.257748,0,11000,1414.213562,26.23493229,142.0774447,1,99,1215.213771,0,1109.797461,0,21.80679627,4,568.9894453,324,0.198407074,19.97310579,5.045977348,1000,0,0,5000,1414.213562,1414.213562,3000,0,0,1.069617494,19.97310579,0.076512528,8.832300417,0,0,0
4318,475330,6945598,213.0566676,14.47713815,25.35022073,7071.067871,11401.75391,6324.555176,16124.5155,2236.067977,1000,3000,1414.213562,1000,1000,0,0,16492.4225,0,6082.76253,0,39.32017862,131.1017224,1,100,2813.386329,0,4961.437232,0,1792.39501,0,1284.742995,626,0.199511244,19.43404233,8.929041479,3414.213562,2414.213562,2414.213562,6000,6000,6414.213562,3414.213562,2414.213562,1414.213562,1.083955219,19.43404233,0.055108527,7.6999653,1,0,0
7307,473330,6915598,150.3649405,14.63247462,21.7826832,7071.067871,1414.213623,6708.204102,46173.58552,28017.85145,24083.18916,24020.8243,31016.12484,29154.75947,0,11661.90379,14212.6704,29529.64612,8062.257748,22090.72203,13601.47051,92.64605682,116.2447214,2,100,399.8280869,6,50.62418935,0,2969.855128,0,7.316533387,24,0.200117526,18.02035426,2.781007263,0,0,0,1000,1000,1000,2414.213562,2414.213562,2414.213562,1.096733772,18.02035426,0.078535095,8.841623997,0,1,1
6842,508330,6920598,133.5456083,13.48896832,22.30007213,2236.067871,5099.019531,1000,40162.17126,15297.05854,10770.32961,17691.80601,12806.24847,23409.39982,4123.105626,1000,4000,22360.67977,6000,18681.54169,1414.213562,85.34097185,149.5871282,1,36,658.6753987,0,6.283339588,1,0,63,46.75277933,42,0.200155565,18.3914672,0,2000,1000,1000,0,0,0,0,0,0,0.943645203,18.3914672,0.052397063,8.424480809,0,1,0
235,462330,6997598,269.0627265,14.23207828,26.30476776,2000,1000,2236.067871,7071.067812,29154.75947,8602.325267,35000,10816.65383,21954.4984,20880.61302,4000,5000,30016.66204,15033.29638,44777.22635,7280.109889,84.25900196,116.1154526,1,93,436.4931865,7,790.6592125,0,711.8095068,0,0.681015411,9,0.200569712,19.96916631,0,0,0,0,1000,1000,1000,1000,1000,1000,1.01797476,19.96916631,0.057512244,8.322115105,0,0,1
7412,478330,6914598,255.6765337,13.59686681,19.22087947,8944.271484,4472.135742,3000,46818.79964,26400.75756,25079.87241,25019.99201,31890.43744,30066.59276,5000,15620.49935,17888.54382,28653.09756,10816.65383,22090.72203,10000,279.4419932,145.3741433,1,100,2516.554401,0,3569.466655,0,1873.126622,0,0.799975066,7,0.20089795,18.02313108,0,3000,3000,3000,3000,3000,3000,2000,2000,2000,0.90909584,18.02313108,0.045278646,7.402404784,0,1,0
8290,456330,6905598,136.2830164,15.04906696,28.38381666,3000,3162.277588,2236.067871,59808.02622,44384.68204,36124.78374,38470.76812,29832.86778,43829.214,15297.05854,6708.203932,6082.76253,36124.78374,6324.55532,36400.54945,2236.067977,113.7214757,115,1,100,1284.070271,0,1873.345937,0,956.9501,0,3.474371406,14,0.203957035,17.35101431,0,2000,2000,2000,1414.213562,1414.213562,1414.213562,1414.213562,1414.213562,1414.213562,1.083876242,17.35101431,0.064686878,8.630818612,1,0,1
7306,472330,6915598,100.7479761,14.88096757,23.9309483,6082.762695,1000,7211.102539,46270.94121,28600.69929,24186.77324,24083.18916,31064.44913,29274.56234,1000,10816.65383,13453.62405,29068.88371,7615.773106,22203.60331,14422.2051,114.5309962,112.1804265,1,94,1428.681243,0,50.62418935,8,2969.855128,0,6.892859491,15,0.207758175,18.02035426,0,1000,1000,1000,0,0,0,2828.427125,2828.427125,2828.427125,1.021819558,18.02035426,0.06847155,8.179704927,0,1,1
8659,525330,6902598,208.4468513,12.89633314,23.52168631,2236.067871,1414.213623,1000,63529.5207,7071.067812,6708.203932,8000,8485.281374,11180.33989,4000,2000,4000,16155.49442,0,42190.04622,7071.067812,81.80444322,153.2924912,1,87,155.8670715,11,168.0450867,8,53.84527536,8,29.84464373,49,0.219803826,17.62140518,0,0,0,0,0,0,0,0,0,0,0.945401297,17.62140518,0.036017983,8.665633215,1,0,0
6305,471330,6925598,249.975996,15.37262993,30.58623442,8602.325195,8000,7071.067871,36496.57518,21095.02311,14560.21978,14317.82106,21213.20344,19646.8827,2000,11180.33989,15033.29638,20000,11704.69991,12649.11064,6082.76253,97.12184083,112,1,100,3229.770655,0,2467.349653,0,975.8347992,0,8.276831849,18,0.239565464,19,0,3000,3000,3000,2414.213562,2414.213562,2414.213562,1414.213562,1414.213562,1414.213562,1.049526669,19,0.095719841,7.735891408,1,1,1
11,452330,7000598,196.1543326,13.78304727,30.08969995,0,4123.105469,8000,17117.24277,39458.83931,17117.24277,45000,19235.38406,16643.31698,16643.31698,3000,5000,40199.50248,6324.55532,55009.09016,7280.109889,463.2892866,154.3348382,1,64,282.3113098,36,1437.696039,0,1739.105098,0,0.054795983,4,0.244495769,19.09481093,0,0,0,0,1414.213562,1414.213562,1414.213562,1414.213562,1414.213562,1414.213562,0.847696619,19.09481093,0.062745324,5.877916216,0,0,0
7312,478330,6915598,88.14698846,13.93760492,22.221524,8544.003906,5000,3162.277588,45880.27899,25495.09757,24083.18916,24020.8243,31240.9987,29068.88371,5000,16155.49442,18357.55975,27784.88798,11401.75425,21095.02311,9433.981132,234.1220201,118.5206849,1,100,2516.554401,0,3569.466655,0,1873.126622,0,0.634220345,8,0.270854308,18.02313108,0,2828.427125,2828.427125,2828.427125,4000,4000,4000,2414.213562,2414.213562,2414.213562,0.963302463,18.02313108,0.050535688,6.612222519,1,1,0
